﻿{
"SIRKA": 15,
"VYSKA": 19,
"START":{"X":8,"Y":15,"E":1},
"CIL": {"X": 8,"Y": 9},
"PLAN": [
"J1,J1,J1,J1,J1,J1,J1,Z,J1,J1,J1,J1,J1,J1,J1",
"J2,Z,Z,J1,Z,Z,J1,Z,J1,Z,Z,J1,Z,Z,J2",
"J1,J1,J1,J1,J1,J1,J1,J1,J1,J1,J1,J1,J1,J1,J1",
"J1,Z,Z,J1,Z,J1,Z,Z,Z,J1,Z,J1,Z,Z,J1",
"J1,J1,J1,J1,Z,J1,J1,Z,J1,J1,Z,J1,J1,J1,J1",
"Z,Z,Z,J1,Z,Z,J1,Z,J1,Z,Z,J1,Z,Z,Z",
"J1,J1,Z,J1,Z,V,V,V,V,V,Z,J1,Z,J1,J1",
"Z,Z,Z,J1,Z,V,Z,V,Z,V,Z,J1,Z,Z,Z",
"V,V,J1,J1,J1,V,Z,V,Z,V,J1,J1,J1,V,V",
"Z,Z,Z,J1,Z,V,Z,Z,Z,V,Z,J1,Z,Z,Z",
"J1,J1,Z,J1,Z,V,V,V,V,V,Z,J1,Z,J1,J1",
"Z,Z,Z,J1,Z,J1,Z,Z,Z,J1,Z,J1,Z,Z,Z",
"J1,J1,J1,J1,J1,J1,J1,Z,J1,J1,J1,J1,J1,J1,J1",
"J1,Z,Z,J1,Z,Z,J1,Z,J1,Z,Z,J1,Z,Z,J1",
"J2,J1,Z,J1,J1,J1,J1,J1,J1,J1,J1,J1,Z,J1,J2",
"Z,J1,Z,J1,Z,J1,Z,Z,Z,J1,Z,J1,Z,J1,Z",
"J1,J1,J1,J1,Z,J1,J1,Z,J1,J1,Z,J1,J1,J1,J1",
"J1,Z,Z,Z,Z,Z,J1,Z,J1,Z,Z,Z,Z,Z,J1",
"J1,J1,J1,J1,J1,J1,J1,J1,J1,J1,J1,J1,J1,J1,J1"
]
}
